First Name,Last Name,Class,Major,Major (Abbreviated),URL
Gaethan,Bernadel,Senior,Communication,COMM,/sports/football/roster/gaethan-bernadel/21094
Mudia,Reuben,Junior,Undeclared,Undeclared,/sports/football/roster/mudia-reuben/21143
Elijah,Brown,Freshman,Undeclared,Undeclared,/sports/football/roster/elijah-brown/21166
Dylan,Stephenson,Freshman,Undeclared,Undeclared,/sports/football/roster/dylan-stephenson/21170
Bryce,Farrell,Fifth Year,Economics,ECON,/sports/football/roster/bryce-farrell/21106
Zahran,Manley,Graduate Student,"Science, Tech. and Society",STS,/sports/football/roster/zahran-manley/21130
Collin,Wright,Junior,Undeclared,Undeclared,/sports/football/roster/collin-wright/21164
Justin,Lamson,Junior,Undeclared,Undeclared,/sports/football/roster/justin-lamson/21124
Tristan,Sinclair,Graduate Student,"Computer Science (MS, BS)",CS,/sports/football/roster/tristan-sinclair/21150
Aaron,Armitage,Senior,Undeclared,Undeclared,/sports/football/roster/aaron-armitage/21086
Myles,Jackson,Sophomore,Undeclared,Undeclared,/sports/football/roster/myles-jackson/21119
Emmett,Mosley V,Freshman,Undeclared,Undeclared,/sports/football/roster/emmett-mosley-v/21168
Tevarua,Tafiti,Junior,Undecided,Undeclared,/sports/football/roster/tevarua-tafiti/21153
Elic,Ayomanor,Redshirt Sophomore,Undeclared,Undeclared,/sports/football/roster/elic-ayomanor/21088
Emmet,Kenney,Senior,Undeclared,Undeclared,/sports/football/roster/emmet-kenney/21122
Wilfredo,Aybar,Senior,Undeclared,Undeclared,/sports/football/roster/wilfredo-aybar/21087
Ashton,Daniels,Junior,Undeclared,Undeclared,/sports/football/roster/ashton-daniels/21102
Ryan,Butler,Junior,Undeclared,Undeclared,/sports/football/roster/ryan-butler/21097
Connor,Weselman,Senior,Undeclared,Undeclared,/sports/football/roster/connor-weselman/21162
Jshawn,Frausto-Ramos,Sophomore,Undeclared,Undeclared,/sports/football/roster/jshawn-frausto-ramos/21109
Charlie,Mirer,Junior,Undeclared,Undeclared,/sports/football/roster/charlie-mirer/21135
Jimmy,Wyrick,Senior,Undeclared,Undeclared,/sports/football/roster/jimmy-wyrick/21165
Scotty,Edwards,Junior,Undeclared,Undeclared,/sports/football/roster/scotty-edwards/21104
Ché,Ojarikre,Sophomore,Undeclared,Undeclared,/sports/football/roster/ch-ojarikre/21137
David,Bailey,Junior,Undeclared,Undeclared,/sports/football/roster/david-bailey/21090
Tiger,Bachmeier,Sophomore,Undeclared,Undeclared,/sports/football/roster/tiger-bachmeier/21089
Ismael,Cisse,Sophomore,Undeclared,Undeclared,/sports/football/roster/ismael-cisse/21100
Sedrick,Irvin,Sophomore,Undeclared,Undeclared,/sports/football/roster/sedrick-irvin/21117
Omari,Porter,Graduate Student,Bioengineering,BIOE,/sports/football/roster/omari-porter/21140
Cam,Richardson,Freshman,Undeclared,Undeclared,/sports/football/roster/cam-richardson/21169
Ese,Dubre,Senior,Undeclared,Undeclared,/sports/football/roster/ese-dubre/21103
Aaron,Morris,Sophomore,Undeclared,Undeclared,/sports/football/roster/aaron-morris/21136
Mitch,Leigber,Senior,Undeclared,Undeclared,/sports/football/roster/mitch-leigber/21125
Kenaj,Washington,Junior,Undeclared,Undeclared,/sports/football/roster/kenaj-washington/21161
Caleb,Hampton,Sophomore,Undeclared,Undeclared,/sports/football/roster/caleb-hampton/21113
Matt,Rose,Junior,Undeclared,Undeclared,/sports/football/roster/matt-rose/21146
Tre,Williams,Sophomore,Undeclared,Undeclared,/sports/football/roster/tre-williams/21163
Aidan,Flintoft,Sophomore,Undeclared,Undeclared,/sports/football/roster/aidan-flintoft/21107
Myles,Libman,Sophomore,Undeclared,Undeclared,/sports/football/roster/myles-libman/21127
Brendon,Barrow,Senior,Undeclared,Undeclared,/sports/football/roster/brendon-barrow/21092
Kale,Lucas,Senior,Undeclared,Undeclared,/sports/football/roster/kale-lucas/21128
Brayden,Hagle,Sophomore,Undeclared,Undeclared,/sports/football/roster/brayden-hagle/21112
Tyler,Kuo,Sophomore,Undeclared,Undeclared,/sports/football/roster/tyler-kuo/21123
Tobin,Phillips,Graduate Student,Human Biology,HUMBIO,/sports/football/roster/tobin-phillips/21139
Anson,Pulsipher,Junior,Undeclared,Undeclared,/sports/football/roster/anson-pulsipher/21141
Ernest,Cooper,Junior,Undeclared,Undeclared,/sports/football/roster/ernest-cooper/21101
Omar,Staples,Sophomore,Undeclared,Undeclared,/sports/football/roster/omar-staples/21151
Chico,Holt,Sophomore,Undecided,Undeclared,/sports/football/roster/chico-holt/21115
Caymus,Rooney,Sophomore,Undeclared,Undeclared,/sports/football/roster/caymus-rooney/21145
Alejandro,Chavez,Junior,Undeclared,Undeclared,/sports/football/roster/alejandro-chavez/21099
Caleb,Ellis,Senior,Undeclared,Undeclared,/sports/football/roster/caleb-ellis/21105
Benjamin,Hudson,Junior,Undeclared,Undeclared,/sports/football/roster/benjamin-hudson/21116
Evan,Jackson,Senior,Undeclared,Undeclared,/sports/football/roster/evan-jackson/21118
Adam,Rourke,Sophomore,Undeclared,Undeclared,/sports/football/roster/adam-rourke/21147
R.J.,Gaskins,Sophomore,Undeclared,Undeclared,/sports/football/roster/r-j-gaskins/21110
Sam,Mattingly,Freshman,Undeclared,Undeclared,/sports/football/roster/sam-mattingly/21167
Carson,Berger,Sophomore,Undeclared,Undeclared,/sports/football/roster/carson-berger/21093
Simione,Pale,Sophomore,Undeclared,Undeclared,/sports/football/roster/simione-pale/21138
Miles,McGee,Sophomore,Undeclared,Undeclared,/sports/football/roster/miles-mcgee/21133
Levi,Rogers,Fifth Year,Communication,COMM,/sports/football/roster/levi-rogers/21144
Trevor,Mayberry,Senior,Undeclared,Undeclared,/sports/football/roster/trevor-mayberry/21132
Allen,Thomason,Sophomore,Undeclared,Undeclared,/sports/football/roster/allen-thomason/21156
Fisher,Anderson,Junior,Undeclared,Undeclared,/sports/football/roster/fisher-anderson/21085
Jake,Maikkula,Junior,Undeclared,Undeclared,/sports/football/roster/jake-maikkula/21129
Connor,McLaughlin,Fifth Year,"Science, Tech. and Society",STS,/sports/football/roster/connor-mclaughlin/21134
Austin,Uke,Senior,Undeclared,Undeclared,/sports/football/roster/austin-uke/21158
Charlie,Symonds,Sophomore,Undeclared,Undeclared,/sports/football/roster/charlie-symonds/21152
Braden,Marceau-Olayinka,Sophomore,Undeclared,Undeclared,/sports/football/roster/braden-marceau-olayinka/21131
Jack,Leyrer,Senior,Undeclared,Undeclared,/sports/football/roster/jack-leyrer/21126
Luke,Baklenko,Sophomore,Undeclared,Undeclared,/sports/football/roster/luke-baklenko/21091
David,Kasemervisz,Senior,Undeclared,Undeclared,/sports/football/roster/david-kasemervisz/21120
Ahmari,Borden,Sophomore,Undeclared,Undeclared,/sports/football/roster/ahmari-borden/21095
Jayson,Raines,Senior,Undeclared,Undeclared,/sports/football/roster/jayson-raines/21142
Jackson,Harris,Sophomore,Undeclared,Undeclared,/sports/football/roster/jackson-harris/21114
Shield,Taylor,Senior,Undeclared,Undeclared,/sports/football/roster/shield-taylor/21155
Sam,Roush,Junior,Undeclared,Undeclared,/sports/football/roster/sam-roush/21148
Jason,Thompson,Junior,Undeclared,Undeclared,/sports/football/roster/jason-thompson/21157
Lukas,Ungar,Fifth Year,"Science, Tech. and Society",STS,/sports/football/roster/lukas-ungar/21159
Gavin,Geweniger,Sophomore,Undeclared,Undeclared,/sports/football/roster/gavin-geweniger/21111
Pat,Caughey,Junior,Undeclared,Undeclared,/sports/football/roster/pat-caughey/21098
Lance,Keneley,Fifth Year,Mechanical Engineering,ME,/sports/football/roster/lance-keneley/21121
Peyton,Warford,Junior,Undeclared,Undeclared,/sports/football/roster/peyton-warford/21160
Anthony,Franklin,Senior,Undeclared,Undeclared,/sports/football/roster/anthony-franklin/21108
Aristotle,Taylor,Senior,Undeclared,Undeclared,/sports/football/roster/aristotle-taylor/21154
Zach,Rowell,Junior,Undeclared,Undeclared,/sports/football/roster/zach-rowell/21149
Zach,Buckey,Senior,Undeclared,Undeclared,/sports/football/roster/zach-buckey/21096
Benedict,Umeh,Freshman,Undeclared,Undeclared,/sports/football/roster/benedict-umeh/21171
